{
  "max-nested-blocks": 4,
  "max-args": 5,
  "max-line-length": 80,
  "allowed-io": ["__main__", "read_data"],
  "allowed-import-modules": [
    "doctest",
    "python_ta",
    "csv",
    "math"
  ],
  "disable": [
    "W0401",
    "C0325",
    "E0102",
    "C0209",
    "R0903",
    "R0904",
    "R1710",
    "W0105",
    "C0123",
    "C0200",
    "C0327",
    "C0328",
    "W0232",
    "W0231",
    "R0201",
    "C0413",
    "W0611",
    "R1706",
    "R1732",
    "E9997",
    "C0103",
    "trailing-whitespace",
    "invalid-name"
  ],
  "pycodestyle-ignore": ["W503",
                         "W504",
                         "E111",
                         "E112",
                         "E113",
                         "E114",
                         "E117",
                         "E401",
                         "E402",
                         "E501",
                         "E701",
                         "E702",
                         "E703",
                         "E711",
                         "E712",
                         "E722",
                         "E741",
                         "E742",
                         "E743",
                         "E901",
                         "W291",
                         "W292",
                         "W293",
                         "W391",
                         "W605",
                         "E128", 
                         "E122", 
                         "E124"
                         ]
}
